﻿<?xml version="1.0" encoding="utf-8"?>
<Symbolconfiguration xmlns="http://www.3s-software.com/schemas/Symbolconfiguration.xsd">
  <Header>
    <Version>3.5.14.0</Version>
    <SymbolConfigObject version="3.5.15.30" runtimeid="3.5.15.30" libversion="3.5.15.20" compiler="3.5.15.30" lmm="3.5.15.0" profile="CODESYS V3.5 SP15 Patch 3+" settings="SupportOPCUA, LayoutCalculator=OptimizedClientSideLayoutCalculator" />
    <ProjectInfo name="Projeto" devicename="Device" appname="Application" />
  </Header>
  <TypeList>
    <TypeSimple name="T_BOOL" size="1" swapsize="0" typeclass="Bool" iecname="BOOL" />
    <TypeSimple name="T_INT" size="2" swapsize="2" typeclass="Int" iecname="INT" />
    <TypeSimple name="T_TIME" size="4" swapsize="4" typeclass="Time" iecname="TIME" />
    <TypeSimple name="T_WORD" size="2" swapsize="2" typeclass="Word" iecname="WORD" />
    <TypeArray name="T_ARRAY__0__2__OF_INT" size="6" nativesize="6" typeclass="Array" iecname="ARRAY [0..2] OF INT" basetype="T_INT">
      <ArrayDim minrange="0" maxrange="2" />
    </TypeArray>
    <TypeArray name="T_ARRAY__0__47__OF_BOOL" size="48" nativesize="48" typeclass="Array" iecname="ARRAY [0..47] OF BOOL" basetype="T_BOOL">
      <ArrayDim minrange="0" maxrange="47" />
    </TypeArray>
    <TypeArray name="T_ARRAY__0__5__OF_INT" size="12" nativesize="12" typeclass="Array" iecname="ARRAY [0..5] OF INT" basetype="T_INT">
      <ArrayDim minrange="0" maxrange="5" />
    </TypeArray>
    <TypeArray name="T_ARRAY__0__60__OF_INT" size="122" nativesize="122" typeclass="Array" iecname="ARRAY [0..60] OF INT" basetype="T_INT">
      <ArrayDim minrange="0" maxrange="60" />
    </TypeArray>
    <TypeUserDef name="T_RS" size="3" nativesize="16" typeclass="Userdef" pouclass="FUNCTION_BLOCK" iecname="RS">
      <UserDefElement iecname="SET" type="T_BOOL" byteoffset="0" vartype="VAR_INPUT" />
      <UserDefElement iecname="RESET1" type="T_BOOL" byteoffset="1" vartype="VAR_INPUT" />
      <UserDefElement iecname="Q1" type="T_BOOL" byteoffset="2" vartype="VAR_OUTPUT" />
    </TypeUserDef>
    <TypeUserDef name="T_R_TRIG" size="2" nativesize="16" typeclass="Userdef" pouclass="FUNCTION_BLOCK" iecname="R_TRIG">
      <UserDefElement iecname="CLK" type="T_BOOL" byteoffset="0" vartype="VAR_INPUT" />
      <UserDefElement iecname="Q" type="T_BOOL" byteoffset="1" vartype="VAR_OUTPUT" />
    </TypeUserDef>
    <TypeUserDef name="T_SFCStepType" size="16" nativesize="16" typeclass="Userdef" pouclass="STRUCTURE" iecname="SFCStepType">
      <UserDefElement iecname="x" type="T_BOOL" byteoffset="0" vartype="VAR" />
      <UserDefElement iecname="t" type="T_TIME" byteoffset="4" vartype="VAR" />
      <UserDefElement iecname="_x" type="T_BOOL" byteoffset="8" vartype="VAR" />
      <UserDefElement iecname="_t" type="T_TIME" byteoffset="12" vartype="VAR" />
    </TypeUserDef>
    <TypeUserDef name="T_TON" size="16" nativesize="32" typeclass="Userdef" pouclass="FUNCTION_BLOCK" iecname="TON">
      <UserDefElement iecname="IN" type="T_BOOL" byteoffset="0" vartype="VAR_INPUT" />
      <UserDefElement iecname="PT" type="T_TIME" byteoffset="4" vartype="VAR_INPUT" />
      <UserDefElement iecname="Q" type="T_BOOL" byteoffset="8" vartype="VAR_OUTPUT" />
      <UserDefElement iecname="ET" type="T_TIME" byteoffset="12" vartype="VAR_OUTPUT" />
    </TypeUserDef>
    <TypeUserDef name="T_tool_ini" size="3" nativesize="4" typeclass="Userdef" pouclass="STRUCTURE" iecname="tool_ini">
      <UserDefElement iecname="tool" type="T_INT" byteoffset="0" vartype="VAR" />
      <UserDefElement iecname="ready" type="T_BOOL" byteoffset="2" vartype="VAR" />
    </TypeUserDef>
    <TypeArray name="T_ARRAY__0__20__OF_ARRAY__0__2__OF_INT" size="126" nativesize="126" typeclass="Array" iecname="ARRAY [0..20] OF ARRAY [0..2] OF INT" basetype="T_ARRAY__0__2__OF_INT">
      <ArrayDim minrange="0" maxrange="20" />
    </TypeArray>
    <TypeUserDef name="T_SFCActionControl" size="116" nativesize="272" typeclass="Userdef" pouclass="FUNCTION_BLOCK" iecname="SFCActionControl">
      <UserDefElement iecname="N" type="T_BOOL" byteoffset="0" vartype="VAR_INPUT" />
      <UserDefElement iecname="R0" type="T_BOOL" byteoffset="1" vartype="VAR_INPUT" />
      <UserDefElement iecname="S0" type="T_BOOL" byteoffset="2" vartype="VAR_INPUT" />
      <UserDefElement iecname="L" type="T_BOOL" byteoffset="3" vartype="VAR_INPUT" />
      <UserDefElement iecname="D" type="T_BOOL" byteoffset="4" vartype="VAR_INPUT" />
      <UserDefElement iecname="P" type="T_BOOL" byteoffset="5" vartype="VAR_INPUT" />
      <UserDefElement iecname="SD" type="T_BOOL" byteoffset="6" vartype="VAR_INPUT" />
      <UserDefElement iecname="DS" type="T_BOOL" byteoffset="7" vartype="VAR_INPUT" />
      <UserDefElement iecname="SL" type="T_BOOL" byteoffset="8" vartype="VAR_INPUT" />
      <UserDefElement iecname="T" type="T_TIME" byteoffset="12" vartype="VAR_INPUT" />
      <UserDefElement iecname="Q" type="T_BOOL" byteoffset="16" vartype="VAR_OUTPUT" />
      <UserDefElement iecname="S_FF" type="T_RS" byteoffset="17" vartype="VAR" />
      <UserDefElement iecname="L_TMR" type="T_TON" byteoffset="20" vartype="VAR" />
      <UserDefElement iecname="D_TMR" type="T_TON" byteoffset="36" vartype="VAR" />
      <UserDefElement iecname="P_TRIG" type="T_R_TRIG" byteoffset="52" vartype="VAR" />
      <UserDefElement iecname="SD_TMR" type="T_TON" byteoffset="56" vartype="VAR" />
      <UserDefElement iecname="SD_FF" type="T_RS" byteoffset="72" vartype="VAR" />
      <UserDefElement iecname="DS_FF" type="T_RS" byteoffset="75" vartype="VAR" />
      <UserDefElement iecname="DS_TMR" type="T_TON" byteoffset="80" vartype="VAR" />
      <UserDefElement iecname="SL_FF" type="T_RS" byteoffset="96" vartype="VAR" />
      <UserDefElement iecname="SL_TMR" type="T_TON" byteoffset="100" vartype="VAR" />
    </TypeUserDef>
    <TypeUserDef name="T_piece_t" size="144" nativesize="144" typeclass="Userdef" pouclass="STRUCTURE" iecname="piece_t">
      <UserDefElement iecname="dirs" type="T_ARRAY__0__60__OF_INT" byteoffset="0" vartype="VAR" />
      <UserDefElement iecname="idx" type="T_INT" byteoffset="122" vartype="VAR" />
      <UserDefElement iecname="order_id" type="T_INT" byteoffset="124" vartype="VAR" />
      <UserDefElement iecname="piece_id" type="T_INT" byteoffset="126" vartype="VAR" />
      <UserDefElement iecname="piece_types" type="T_ARRAY__0__5__OF_INT" byteoffset="128" vartype="VAR" />
      <UserDefElement iecname="piece_idx" type="T_INT" byteoffset="140" vartype="VAR" />
      <UserDefElement iecname="machines_visited" type="T_INT" byteoffset="142" vartype="VAR" />
    </TypeUserDef>
    <TypeUserDef name="T_SFCActionType" size="128" nativesize="288" typeclass="Userdef" pouclass="STRUCTURE" iecname="SFCActionType">
      <UserDefElement iecname="x" type="T_BOOL" byteoffset="0" vartype="VAR" />
      <UserDefElement iecname="_x" type="T_BOOL" byteoffset="1" vartype="VAR" />
      <UserDefElement iecname="t" type="T_TIME" byteoffset="4" vartype="VAR" />
      <UserDefElement iecname="_t" type="T_TIME" byteoffset="8" vartype="VAR" />
      <UserDefElement iecname="AC" type="T_SFCActionControl" byteoffset="12" vartype="VAR" />
    </TypeUserDef>
    <TypeUserDef name="T_LIN_CONV_H" size="1370" nativesize="2184" typeclass="Userdef" pouclass="FUNCTION_BLOCK" iecname="LIN_CONV_H">
      <UserDefElement iecname="SENS" type="T_BOOL" byteoffset="0" vartype="VAR_INPUT" />
      <UserDefElement iecname="SEN_LEFT" type="T_BOOL" byteoffset="1" vartype="VAR_INPUT" />
      <UserDefElement iecname="SEN_RIGHT" type="T_BOOL" byteoffset="2" vartype="VAR_INPUT" />
      <UserDefElement iecname="FROM_LEFT" type="T_BOOL" byteoffset="3" vartype="VAR_INPUT" />
      <UserDefElement iecname="FROM_RIGHT" type="T_BOOL" byteoffset="4" vartype="VAR_INPUT" />
      <UserDefElement iecname="FREE_LEFT" type="T_BOOL" byteoffset="5" vartype="VAR_INPUT" />
      <UserDefElement iecname="FREE_RIGHT" type="T_BOOL" byteoffset="6" vartype="VAR_INPUT" />
      <UserDefElement iecname="PIECE_T_LEFT" type="T_piece_t" byteoffset="8" vartype="VAR_INPUT" />
      <UserDefElement iecname="PIECE_T_RIGHT" type="T_piece_t" byteoffset="152" vartype="VAR_INPUT" />
      <UserDefElement iecname="DIR" type="T_INT" byteoffset="296" vartype="VAR" />
      <UserDefElement iecname="PIECE_T" type="T_piece_t" byteoffset="298" vartype="VAR" />
      <UserDefElement iecname="TO_LEFT" type="T_BOOL" byteoffset="442" vartype="VAR_OUTPUT" />
      <UserDefElement iecname="TO_RIGHT" type="T_BOOL" byteoffset="443" vartype="VAR_OUTPUT" />
      <UserDefElement iecname="GO_NEG" type="T_BOOL" byteoffset="444" vartype="VAR_OUTPUT" />
      <UserDefElement iecname="GO_POS" type="T_BOOL" byteoffset="445" vartype="VAR_OUTPUT" />
      <UserDefElement iecname="FREE_O" type="T_BOOL" byteoffset="446" vartype="VAR_OUTPUT" />
      <UserDefElement iecname="PIECE_T_OLD" type="T_piece_t" byteoffset="448" vartype="VAR_OUTPUT" />
      <UserDefElement iecname="_FREE_O" type="T_SFCActionType" byteoffset="592" vartype="VAR" />
      <UserDefElement iecname="_GO_NEG" type="T_SFCActionType" byteoffset="720" vartype="VAR" />
      <UserDefElement iecname="_GO_POS" type="T_SFCActionType" byteoffset="848" vartype="VAR" />
      <UserDefElement iecname="_TO_LEFT" type="T_SFCActionType" byteoffset="976" vartype="VAR" />
      <UserDefElement iecname="_TO_RIGHT" type="T_SFCActionType" byteoffset="1104" vartype="VAR" />
      <UserDefElement iecname="STANDBY" type="T_SFCStepType" byteoffset="1232" vartype="VAR" />
      <UserDefElement iecname="RCV_LEFT" type="T_SFCStepType" byteoffset="1248" vartype="VAR" />
      <UserDefElement iecname="RCV_RIGHT" type="T_SFCStepType" byteoffset="1264" vartype="VAR" />
      <UserDefElement iecname="HOLD" type="T_SFCStepType" byteoffset="1280" vartype="VAR" />
      <UserDefElement iecname="SEND_LEFT" type="T_SFCStepType" byteoffset="1296" vartype="VAR" />
      <UserDefElement iecname="SEND_LEFT1" type="T_SFCStepType" byteoffset="1312" vartype="VAR" />
      <UserDefElement iecname="SEND_RIGHT" type="T_SFCStepType" byteoffset="1328" vartype="VAR" />
      <UserDefElement iecname="SEND_RIGHT1" type="T_SFCStepType" byteoffset="1344" vartype="VAR" />
      <UserDefElement iecname="Branch0__STANDBY__to__RCV_LEFT" type="T_BOOL" byteoffset="1360" vartype="VAR" />
      <UserDefElement iecname="RCV_LEFT__to__HOLD" type="T_BOOL" byteoffset="1361" vartype="VAR" />
      <UserDefElement iecname="Branch1__STANDBY__to__RCV_RIGHT" type="T_BOOL" byteoffset="1362" vartype="VAR" />
      <UserDefElement iecname="RCV_RIGHT__to__HOLD" type="T_BOOL" byteoffset="1363" vartype="VAR" />
      <UserDefElement iecname="Branch0__HOLD__to__SEND_LEFT" type="T_BOOL" byteoffset="1364" vartype="VAR" />
      <UserDefElement iecname="SEND_LEFT__to__SEND_LEFT1" type="T_BOOL" byteoffset="1365" vartype="VAR" />
      <UserDefElement iecname="SEND_LEFT1__to__STANDBY" type="T_BOOL" byteoffset="1366" vartype="VAR" />
      <UserDefElement iecname="Branch1__HOLD__to__SEND_RIGHT" type="T_BOOL" byteoffset="1367" vartype="VAR" />
      <UserDefElement iecname="SEND_RIGHT__to__SEND_RIGHT1" type="T_BOOL" byteoffset="1368" vartype="VAR" />
      <UserDefElement iecname="SEND_RIGHT1__to__STANDBY" type="T_BOOL" byteoffset="1369" vartype="VAR" />
    </TypeUserDef>
    <TypeUserDef name="T_MAC" size="1545" nativesize="2520" typeclass="Userdef" pouclass="FUNCTION_BLOCK" iecname="MAC">
      <UserDefElement iecname="SENS" type="T_BOOL" byteoffset="0" vartype="VAR_INPUT" />
      <UserDefElement iecname="SEN_LEFT" type="T_BOOL" byteoffset="1" vartype="VAR_INPUT" />
      <UserDefElement iecname="SEN_RIGHT" type="T_BOOL" byteoffset="2" vartype="VAR_INPUT" />
      <UserDefElement iecname="FROM_LEFT" type="T_BOOL" byteoffset="3" vartype="VAR_INPUT" />
      <UserDefElement iecname="FROM_RIGHT" type="T_BOOL" byteoffset="4" vartype="VAR_INPUT" />
      <UserDefElement iecname="FREE_LEFT" type="T_BOOL" byteoffset="5" vartype="VAR_INPUT" />
      <UserDefElement iecname="FREE_RIGHT" type="T_BOOL" byteoffset="6" vartype="VAR_INPUT" />
      <UserDefElement iecname="TOOL_READY" type="T_BOOL" byteoffset="7" vartype="VAR_INPUT" />
      <UserDefElement iecname="PIECE_T_LEFT" type="T_piece_t" byteoffset="8" vartype="VAR_INPUT" />
      <UserDefElement iecname="PIECE_T_RIGHT" type="T_piece_t" byteoffset="152" vartype="VAR_INPUT" />
      <UserDefElement iecname="DIR" type="T_INT" byteoffset="296" vartype="VAR" />
      <UserDefElement iecname="TOOL_TIME" type="T_TIME" byteoffset="300" vartype="VAR" />
      <UserDefElement iecname="TIMES_MACHINED" type="T_INT" byteoffset="304" vartype="VAR" />
      <UserDefElement iecname="TIMES_TO_MACHINE" type="T_INT" byteoffset="306" vartype="VAR" />
      <UserDefElement iecname="PIECE_T" type="T_piece_t" byteoffset="308" vartype="VAR" />
      <UserDefElement iecname="TO_LEFT" type="T_BOOL" byteoffset="452" vartype="VAR_OUTPUT" />
      <UserDefElement iecname="TO_RIGHT" type="T_BOOL" byteoffset="453" vartype="VAR_OUTPUT" />
      <UserDefElement iecname="GO_NEG" type="T_BOOL" byteoffset="454" vartype="VAR_OUTPUT" />
      <UserDefElement iecname="GO_POS" type="T_BOOL" byteoffset="455" vartype="VAR_OUTPUT" />
      <UserDefElement iecname="FREE_O" type="T_BOOL" byteoffset="456" vartype="VAR_OUTPUT" />
      <UserDefElement iecname="TOOL_OP" type="T_BOOL" byteoffset="457" vartype="VAR_OUTPUT" />
      <UserDefElement iecname="PIECE_T_OLD" type="T_piece_t" byteoffset="458" vartype="VAR_OUTPUT" />
      <UserDefElement iecname="TOOL" type="T_INT" byteoffset="602" vartype="VAR_OUTPUT" />
      <UserDefElement iecname="_FREE_O" type="T_SFCActionType" byteoffset="604" vartype="VAR" />
      <UserDefElement iecname="_GO_NEG" type="T_SFCActionType" byteoffset="732" vartype="VAR" />
      <UserDefElement iecname="_GO_POS" type="T_SFCActionType" byteoffset="860" vartype="VAR" />
      <UserDefElement iecname="_TOOL_OP" type="T_SFCActionType" byteoffset="988" vartype="VAR" />
      <UserDefElement iecname="_TO_LEFT" type="T_SFCActionType" byteoffset="1116" vartype="VAR" />
      <UserDefElement iecname="_TO_RIGHT" type="T_SFCActionType" byteoffset="1244" vartype="VAR" />
      <UserDefElement iecname="STANDBY" type="T_SFCStepType" byteoffset="1372" vartype="VAR" />
      <UserDefElement iecname="RCV_LEFT" type="T_SFCStepType" byteoffset="1388" vartype="VAR" />
      <UserDefElement iecname="RCV_RIGHT" type="T_SFCStepType" byteoffset="1404" vartype="VAR" />
      <UserDefElement iecname="HOLD_PRE" type="T_SFCStepType" byteoffset="1420" vartype="VAR" />
      <UserDefElement iecname="HOLD" type="T_SFCStepType" byteoffset="1436" vartype="VAR" />
      <UserDefElement iecname="Step2" type="T_SFCStepType" byteoffset="1452" vartype="VAR" />
      <UserDefElement iecname="SEND_LEFT" type="T_SFCStepType" byteoffset="1468" vartype="VAR" />
      <UserDefElement iecname="SEND_LEFT1" type="T_SFCStepType" byteoffset="1484" vartype="VAR" />
      <UserDefElement iecname="SEND_RIGHT" type="T_SFCStepType" byteoffset="1500" vartype="VAR" />
      <UserDefElement iecname="SEND_RIGHT1" type="T_SFCStepType" byteoffset="1516" vartype="VAR" />
      <UserDefElement iecname="Branch0__STANDBY__to__RCV_LEFT" type="T_BOOL" byteoffset="1532" vartype="VAR" />
      <UserDefElement iecname="RCV_LEFT__to__HOLD_PRE" type="T_BOOL" byteoffset="1533" vartype="VAR" />
      <UserDefElement iecname="Branch1__STANDBY__to__RCV_RIGHT" type="T_BOOL" byteoffset="1534" vartype="VAR" />
      <UserDefElement iecname="RCV_RIGHT__to__HOLD_PRE" type="T_BOOL" byteoffset="1535" vartype="VAR" />
      <UserDefElement iecname="HOLD_PRE__to__HOLD" type="T_BOOL" byteoffset="1536" vartype="VAR" />
      <UserDefElement iecname="Branch0__HOLD__to__Step2" type="T_BOOL" byteoffset="1537" vartype="VAR" />
      <UserDefElement iecname="Step2__to__HOLD" type="T_BOOL" byteoffset="1538" vartype="VAR" />
      <UserDefElement iecname="Branch1_0__HOLD__to__SEND_LEFT" type="T_BOOL" byteoffset="1539" vartype="VAR" />
      <UserDefElement iecname="SEND_LEFT__to__SEND_LEFT1" type="T_BOOL" byteoffset="1540" vartype="VAR" />
      <UserDefElement iecname="SEND_LEFT1__to__STANDBY" type="T_BOOL" byteoffset="1541" vartype="VAR" />
      <UserDefElement iecname="Branch1_1__HOLD__to__SEND_RIGHT" type="T_BOOL" byteoffset="1542" vartype="VAR" />
      <UserDefElement iecname="SEND_RIGHT__to__SEND_RIGHT1" type="T_BOOL" byteoffset="1543" vartype="VAR" />
      <UserDefElement iecname="SEND_RIGHT1__to__STANDBY" type="T_BOOL" byteoffset="1544" vartype="VAR" />
    </TypeUserDef>
    <TypeUserDef name="T_ROT_CONV" size="2464" nativesize="3920" typeclass="Userdef" pouclass="FUNCTION_BLOCK" iecname="ROT_CONV">
      <UserDefElement iecname="POS_SENS" type="T_BOOL" byteoffset="0" vartype="VAR_INPUT" />
      <UserDefElement iecname="SEN_UP" type="T_BOOL" byteoffset="1" vartype="VAR_INPUT" />
      <UserDefElement iecname="SEN_DOWN" type="T_BOOL" byteoffset="2" vartype="VAR_INPUT" />
      <UserDefElement iecname="SEN_LEFT" type="T_BOOL" byteoffset="3" vartype="VAR_INPUT" />
      <UserDefElement iecname="SEN_RIGHT" type="T_BOOL" byteoffset="4" vartype="VAR_INPUT" />
      <UserDefElement iecname="FROM_LEFT" type="T_BOOL" byteoffset="5" vartype="VAR_INPUT" />
      <UserDefElement iecname="FROM_RIGHT" type="T_BOOL" byteoffset="6" vartype="VAR_INPUT" />
      <UserDefElement iecname="FREE_LEFT" type="T_BOOL" byteoffset="7" vartype="VAR_INPUT" />
      <UserDefElement iecname="FREE_RIGHT" type="T_BOOL" byteoffset="8" vartype="VAR_INPUT" />
      <UserDefElement iecname="FROM_UP" type="T_BOOL" byteoffset="9" vartype="VAR_INPUT" />
      <UserDefElement iecname="FROM_DOWN" type="T_BOOL" byteoffset="10" vartype="VAR_INPUT" />
      <UserDefElement iecname="FREE_UP" type="T_BOOL" byteoffset="11" vartype="VAR_INPUT" />
      <UserDefElement iecname="FREE_DOWN" type="T_BOOL" byteoffset="12" vartype="VAR_INPUT" />
      <UserDefElement iecname="VERT_SENS" type="T_BOOL" byteoffset="13" vartype="VAR_INPUT" />
      <UserDefElement iecname="HOR_SENS" type="T_BOOL" byteoffset="14" vartype="VAR_INPUT" />
      <UserDefElement iecname="PIECE_T_LEFT" type="T_piece_t" byteoffset="16" vartype="VAR_INPUT" />
      <UserDefElement iecname="PIECE_T_RIGHT" type="T_piece_t" byteoffset="160" vartype="VAR_INPUT" />
      <UserDefElement iecname="PIECE_T_UP" type="T_piece_t" byteoffset="304" vartype="VAR_INPUT" />
      <UserDefElement iecname="PIECE_T_DOWN" type="T_piece_t" byteoffset="448" vartype="VAR_INPUT" />
      <UserDefElement iecname="DIR" type="T_INT" byteoffset="592" vartype="VAR" />
      <UserDefElement iecname="PIECE_T" type="T_piece_t" byteoffset="594" vartype="VAR" />
      <UserDefElement iecname="PREF_DIR" type="T_INT" byteoffset="738" vartype="VAR" />
      <UserDefElement iecname="TO_LEFT" type="T_BOOL" byteoffset="740" vartype="VAR_OUTPUT" />
      <UserDefElement iecname="TO_RIGHT" type="T_BOOL" byteoffset="741" vartype="VAR_OUTPUT" />
      <UserDefElement iecname="TO_UP" type="T_BOOL" byteoffset="742" vartype="VAR_OUTPUT" />
      <UserDefElement iecname="TO_DOWN" type="T_BOOL" byteoffset="743" vartype="VAR_OUTPUT" />
      <UserDefElement iecname="FREE_O" type="T_BOOL" byteoffset="744" vartype="VAR_OUTPUT" />
      <UserDefElement iecname="GO_POS" type="T_BOOL" byteoffset="745" vartype="VAR_OUTPUT" />
      <UserDefElement iecname="GO_NEG" type="T_BOOL" byteoffset="746" vartype="VAR_OUTPUT" />
      <UserDefElement iecname="PIECE_T_OLD" type="T_piece_t" byteoffset="748" vartype="VAR_OUTPUT" />
      <UserDefElement iecname="ROT_D" type="T_BOOL" byteoffset="892" vartype="VAR_OUTPUT" />
      <UserDefElement iecname="ROT_I" type="T_BOOL" byteoffset="893" vartype="VAR_OUTPUT" />
      <UserDefElement iecname="_FREE_O" type="T_SFCActionType" byteoffset="896" vartype="VAR" />
      <UserDefElement iecname="_ROT_D" type="T_SFCActionType" byteoffset="1024" vartype="VAR" />
      <UserDefElement iecname="_GO_NEG" type="T_SFCActionType" byteoffset="1152" vartype="VAR" />
      <UserDefElement iecname="_GO_POS" type="T_SFCActionType" byteoffset="1280" vartype="VAR" />
      <UserDefElement iecname="_ROT_I" type="T_SFCActionType" byteoffset="1408" vartype="VAR" />
      <UserDefElement iecname="_TO_LEFT" type="T_SFCActionType" byteoffset="1536" vartype="VAR" />
      <UserDefElement iecname="_TO_RIGHT" type="T_SFCActionType" byteoffset="1664" vartype="VAR" />
      <UserDefElement iecname="_TO_UP" type="T_SFCActionType" byteoffset="1792" vartype="VAR" />
      <UserDefElement iecname="_TO_DOWN" type="T_SFCActionType" byteoffset="1920" vartype="VAR" />
      <UserDefElement iecname="STANDBY" type="T_SFCStepType" byteoffset="2048" vartype="VAR" />
      <UserDefElement iecname="ROT_HOR" type="T_SFCStepType" byteoffset="2064" vartype="VAR" />
      <UserDefElement iecname="RCV_LEFT" type="T_SFCStepType" byteoffset="2080" vartype="VAR" />
      <UserDefElement iecname="ROT_HOR_1" type="T_SFCStepType" byteoffset="2096" vartype="VAR" />
      <UserDefElement iecname="RCV_RIGHT" type="T_SFCStepType" byteoffset="2112" vartype="VAR" />
      <UserDefElement iecname="ROT_VERT" type="T_SFCStepType" byteoffset="2128" vartype="VAR" />
      <UserDefElement iecname="RCV_UP" type="T_SFCStepType" byteoffset="2144" vartype="VAR" />
      <UserDefElement iecname="ROT_VERT_1" type="T_SFCStepType" byteoffset="2160" vartype="VAR" />
      <UserDefElement iecname="RCV_DOWN" type="T_SFCStepType" byteoffset="2176" vartype="VAR" />
      <UserDefElement iecname="PREF_VERT" type="T_SFCStepType" byteoffset="2192" vartype="VAR" />
      <UserDefElement iecname="PREF_HORIZ" type="T_SFCStepType" byteoffset="2208" vartype="VAR" />
      <UserDefElement iecname="HOLD" type="T_SFCStepType" byteoffset="2224" vartype="VAR" />
      <UserDefElement iecname="ROT_HOR_2" type="T_SFCStepType" byteoffset="2240" vartype="VAR" />
      <UserDefElement iecname="SEND_LEFT" type="T_SFCStepType" byteoffset="2256" vartype="VAR" />
      <UserDefElement iecname="SEND_LEFT1" type="T_SFCStepType" byteoffset="2272" vartype="VAR" />
      <UserDefElement iecname="ROT_HOR_3" type="T_SFCStepType" byteoffset="2288" vartype="VAR" />
      <UserDefElement iecname="SEND_RIGHT" type="T_SFCStepType" byteoffset="2304" vartype="VAR" />
      <UserDefElement iecname="SEND_RIGHT1" type="T_SFCStepType" byteoffset="2320" vartype="VAR" />
      <UserDefElement iecname="ROT_VERT_2" type="T_SFCStepType" byteoffset="2336" vartype="VAR" />
      <UserDefElement iecname="SEND_UP" type="T_SFCStepType" byteoffset="2352" vartype="VAR" />
      <UserDefElement iecname="SEND_UP1" type="T_SFCStepType" byteoffset="2368" vartype="VAR" />
      <UserDefElement iecname="ROT_VERT_3" type="T_SFCStepType" byteoffset="2384" vartype="VAR" />
      <UserDefElement iecname="SEND_DOWN" type="T_SFCStepType" byteoffset="2400" vartype="VAR" />
      <UserDefElement iecname="SEND_DOWN1" type="T_SFCStepType" byteoffset="2416" vartype="VAR" />
      <UserDefElement iecname="Branch0__STANDBY__to__ROT_HOR" type="T_BOOL" byteoffset="2432" vartype="VAR" />
      <UserDefElement iecname="ROT_HOR__to__RCV_LEFT" type="T_BOOL" byteoffset="2433" vartype="VAR" />
      <UserDefElement iecname="RCV_LEFT__to__HOLD" type="T_BOOL" byteoffset="2434" vartype="VAR" />
      <UserDefElement iecname="Branch1__STANDBY__to__ROT_HOR_1" type="T_BOOL" byteoffset="2435" vartype="VAR" />
      <UserDefElement iecname="ROT_HOR_1__to__RCV_RIGHT" type="T_BOOL" byteoffset="2436" vartype="VAR" />
      <UserDefElement iecname="RCV_RIGHT__to__HOLD" type="T_BOOL" byteoffset="2437" vartype="VAR" />
      <UserDefElement iecname="Branch2__STANDBY__to__ROT_VERT" type="T_BOOL" byteoffset="2438" vartype="VAR" />
      <UserDefElement iecname="ROT_VERT__to__RCV_UP" type="T_BOOL" byteoffset="2439" vartype="VAR" />
      <UserDefElement iecname="RCV_UP__to__HOLD" type="T_BOOL" byteoffset="2440" vartype="VAR" />
      <UserDefElement iecname="Branch3__STANDBY__to__ROT_VERT_1" type="T_BOOL" byteoffset="2441" vartype="VAR" />
      <UserDefElement iecname="ROT_VERT_1__to__RCV_DOWN" type="T_BOOL" byteoffset="2442" vartype="VAR" />
      <UserDefElement iecname="RCV_DOWN__to__HOLD" type="T_BOOL" byteoffset="2443" vartype="VAR" />
      <UserDefElement iecname="Branch4__STANDBY__to__PREF_VERT" type="T_BOOL" byteoffset="2444" vartype="VAR" />
      <UserDefElement iecname="PREF_VERT__to__STANDBY" type="T_BOOL" byteoffset="2445" vartype="VAR" />
      <UserDefElement iecname="Branch5__STANDBY__to__PREF_HORIZ" type="T_BOOL" byteoffset="2446" vartype="VAR" />
      <UserDefElement iecname="PREF_HORIZ__to__STANDBY" type="T_BOOL" byteoffset="2447" vartype="VAR" />
      <UserDefElement iecname="Branch0__HOLD__to__ROT_HOR_2" type="T_BOOL" byteoffset="2448" vartype="VAR" />
      <UserDefElement iecname="ROT_HOR_2__to__SEND_LEFT" type="T_BOOL" byteoffset="2449" vartype="VAR" />
      <UserDefElement iecname="SEND_LEFT__to__SEND_LEFT1" type="T_BOOL" byteoffset="2450" vartype="VAR" />
      <UserDefElement iecname="SEND_LEFT1__to__STANDBY" type="T_BOOL" byteoffset="2451" vartype="VAR" />
      <UserDefElement iecname="Branch1__HOLD__to__ROT_HOR_3" type="T_BOOL" byteoffset="2452" vartype="VAR" />
      <UserDefElement iecname="ROT_HOR_3__to__SEND_RIGHT" type="T_BOOL" byteoffset="2453" vartype="VAR" />
      <UserDefElement iecname="SEND_RIGHT__to__SEND_RIGHT1" type="T_BOOL" byteoffset="2454" vartype="VAR" />
      <UserDefElement iecname="SEND_RIGHT1__to__STANDBY" type="T_BOOL" byteoffset="2455" vartype="VAR" />
      <UserDefElement iecname="Branch2__HOLD__to__ROT_VERT_2" type="T_BOOL" byteoffset="2456" vartype="VAR" />
      <UserDefElement iecname="ROT_VERT_2__to__SEND_UP" type="T_BOOL" byteoffset="2457" vartype="VAR" />
      <UserDefElement iecname="SEND_UP__to__SEND_UP1" type="T_BOOL" byteoffset="2458" vartype="VAR" />
      <UserDefElement iecname="SEND_UP1__to__STANDBY" type="T_BOOL" byteoffset="2459" vartype="VAR" />
      <UserDefElement iecname="Branch3__HOLD__to__ROT_VERT_3" type="T_BOOL" byteoffset="2460" vartype="VAR" />
      <UserDefElement iecname="ROT_VERT_3__to__SEND_DOWN" type="T_BOOL" byteoffset="2461" vartype="VAR" />
      <UserDefElement iecname="SEND_DOWN__to__SEND_DOWN1" type="T_BOOL" byteoffset="2462" vartype="VAR" />
      <UserDefElement iecname="SEND_DOWN1__to__STANDBY" type="T_BOOL" byteoffset="2463" vartype="VAR" />
    </TypeUserDef>
    <TypeUserDef name="T_TOOL" size="516" nativesize="1016" typeclass="Userdef" pouclass="FUNCTION_BLOCK" iecname="TOOL">
      <UserDefElement iecname="TOOL_SEN" type="T_BOOL" byteoffset="0" vartype="VAR_INPUT" />
      <UserDefElement iecname="TOOL" type="T_INT" byteoffset="2" vartype="VAR_INPUT" />
      <UserDefElement iecname="C" type="T_INT" byteoffset="4" vartype="VAR" />
      <UserDefElement iecname="TOOL_READY" type="T_BOOL" byteoffset="6" vartype="VAR_OUTPUT" />
      <UserDefElement iecname="TOOL_ROT_POS" type="T_BOOL" byteoffset="7" vartype="VAR_OUTPUT" />
      <UserDefElement iecname="TOOL_ROT_NEG" type="T_BOOL" byteoffset="8" vartype="VAR_OUTPUT" />
      <UserDefElement iecname="_TOOL_READY" type="T_SFCActionType" byteoffset="12" vartype="VAR" />
      <UserDefElement iecname="_TOOL_ROT_NEG" type="T_SFCActionType" byteoffset="140" vartype="VAR" />
      <UserDefElement iecname="_TOOL_ROT_POS" type="T_SFCActionType" byteoffset="268" vartype="VAR" />
      <UserDefElement iecname="Step1" type="T_SFCStepType" byteoffset="396" vartype="VAR" />
      <UserDefElement iecname="Step5" type="T_SFCStepType" byteoffset="412" vartype="VAR" />
      <UserDefElement iecname="Step4" type="T_SFCStepType" byteoffset="428" vartype="VAR" />
      <UserDefElement iecname="Step2" type="T_SFCStepType" byteoffset="444" vartype="VAR" />
      <UserDefElement iecname="Step6" type="T_SFCStepType" byteoffset="460" vartype="VAR" />
      <UserDefElement iecname="Step3" type="T_SFCStepType" byteoffset="476" vartype="VAR" />
      <UserDefElement iecname="Step0" type="T_SFCStepType" byteoffset="492" vartype="VAR" />
      <UserDefElement iecname="Branch0__Step1__to__Step5" type="T_BOOL" byteoffset="508" vartype="VAR" />
      <UserDefElement iecname="Step5__to__Step4" type="T_BOOL" byteoffset="509" vartype="VAR" />
      <UserDefElement iecname="Step4__to__Step2" type="T_BOOL" byteoffset="510" vartype="VAR" />
      <UserDefElement iecname="Step2__to__Step1" type="T_BOOL" byteoffset="511" vartype="VAR" />
      <UserDefElement iecname="Branch1__Step1__to__Step6" type="T_BOOL" byteoffset="512" vartype="VAR" />
      <UserDefElement iecname="Step6__to__Step3" type="T_BOOL" byteoffset="513" vartype="VAR" />
      <UserDefElement iecname="Step3__to__Step0" type="T_BOOL" byteoffset="514" vartype="VAR" />
      <UserDefElement iecname="Step0__to__Step1" type="T_BOOL" byteoffset="515" vartype="VAR" />
    </TypeUserDef>
    <TypeUserDef name="T_WAREH_IN" size="1341" nativesize="2160" typeclass="Userdef" pouclass="FUNCTION_BLOCK" iecname="WAREH_IN">
      <UserDefElement iecname="SENS" type="T_BOOL" byteoffset="0" vartype="VAR_INPUT" />
      <UserDefElement iecname="SEN_RIGHT" type="T_BOOL" byteoffset="1" vartype="VAR_INPUT" />
      <UserDefElement iecname="FROM_RIGHT" type="T_BOOL" byteoffset="2" vartype="VAR_INPUT" />
      <UserDefElement iecname="FREE_RIGHT" type="T_BOOL" byteoffset="3" vartype="VAR_INPUT" />
      <UserDefElement iecname="PIECE_T_RIGHT" type="T_piece_t" byteoffset="4" vartype="VAR_INPUT" />
      <UserDefElement iecname="DIR" type="T_INT" byteoffset="148" vartype="VAR" />
      <UserDefElement iecname="PIECE_T" type="T_piece_t" byteoffset="150" vartype="VAR" />
      <UserDefElement iecname="Pieces_ID" type="T_ARRAY__0__20__OF_ARRAY__0__2__OF_INT" byteoffset="294" vartype="VAR" />
      <UserDefElement iecname="index_piece" type="T_INT" byteoffset="420" vartype="VAR" />
      <UserDefElement iecname="piece_id" type="T_INT" byteoffset="422" vartype="VAR" />
      <UserDefElement iecname="order_id" type="T_INT" byteoffset="424" vartype="VAR" />
      <UserDefElement iecname="piece_type" type="T_INT" byteoffset="426" vartype="VAR" />
      <UserDefElement iecname="TO_RIGHT" type="T_BOOL" byteoffset="428" vartype="VAR_OUTPUT" />
      <UserDefElement iecname="GO_NEG" type="T_BOOL" byteoffset="429" vartype="VAR_OUTPUT" />
      <UserDefElement iecname="GO_POS" type="T_BOOL" byteoffset="430" vartype="VAR_OUTPUT" />
      <UserDefElement iecname="FREE_O" type="T_BOOL" byteoffset="431" vartype="VAR_OUTPUT" />
      <UserDefElement iecname="WAREH_IN" type="T_BOOL" byteoffset="432" vartype="VAR_OUTPUT" />
      <UserDefElement iecname="PIECE_T_OLD" type="T_piece_t" byteoffset="434" vartype="VAR_OUTPUT" />
      <UserDefElement iecname="_FREE_O" type="T_SFCActionType" byteoffset="580" vartype="VAR" />
      <UserDefElement iecname="_GO_POS" type="T_SFCActionType" byteoffset="708" vartype="VAR" />
      <UserDefElement iecname="_WAREH_IN" type="T_SFCActionType" byteoffset="836" vartype="VAR" />
      <UserDefElement iecname="_TO_RIGHT" type="T_SFCActionType" byteoffset="964" vartype="VAR" />
      <UserDefElement iecname="_GO_NEG" type="T_SFCActionType" byteoffset="1092" vartype="VAR" />
      <UserDefElement iecname="STANDBY" type="T_SFCStepType" byteoffset="1220" vartype="VAR" />
      <UserDefElement iecname="RCV_RIGHT" type="T_SFCStepType" byteoffset="1236" vartype="VAR" />
      <UserDefElement iecname="HOLD" type="T_SFCStepType" byteoffset="1252" vartype="VAR" />
      <UserDefElement iecname="SEND_TO_WAREH" type="T_SFCStepType" byteoffset="1268" vartype="VAR" />
      <UserDefElement iecname="WAREH_CD" type="T_SFCStepType" byteoffset="1284" vartype="VAR" />
      <UserDefElement iecname="SEND_RIGHT" type="T_SFCStepType" byteoffset="1300" vartype="VAR" />
      <UserDefElement iecname="SEND_RIGHT1" type="T_SFCStepType" byteoffset="1316" vartype="VAR" />
      <UserDefElement iecname="STANDBY__to__RCV_RIGHT" type="T_BOOL" byteoffset="1332" vartype="VAR" />
      <UserDefElement iecname="RCV_RIGHT__to__HOLD" type="T_BOOL" byteoffset="1333" vartype="VAR" />
      <UserDefElement iecname="Branch0__HOLD__to__SEND_TO_WAREH" type="T_BOOL" byteoffset="1334" vartype="VAR" />
      <UserDefElement iecname="Branch0_0__SEND_TO_WAREH__to__STANDBY" type="T_BOOL" byteoffset="1335" vartype="VAR" />
      <UserDefElement iecname="Branch0_1__SEND_TO_WAREH__to__WAREH_CD" type="T_BOOL" byteoffset="1336" vartype="VAR" />
      <UserDefElement iecname="WAREH_CD__to__SEND_TO_WAREH" type="T_BOOL" byteoffset="1337" vartype="VAR" />
      <UserDefElement iecname="Branch1__HOLD__to__SEND_RIGHT" type="T_BOOL" byteoffset="1338" vartype="VAR" />
      <UserDefElement iecname="SEND_RIGHT__to__SEND_RIGHT1" type="T_BOOL" byteoffset="1339" vartype="VAR" />
      <UserDefElement iecname="SEND_RIGHT1__to__STANDBY" type="T_BOOL" byteoffset="1340" vartype="VAR" />
    </TypeUserDef>
    <TypeUserDef name="T_WAREH_OUT" size="1059" nativesize="1720" typeclass="Userdef" pouclass="FUNCTION_BLOCK" iecname="WAREH_OUT">
      <UserDefElement iecname="SENS" type="T_BOOL" byteoffset="0" vartype="VAR_INPUT" />
      <UserDefElement iecname="SEN_RIGHT" type="T_BOOL" byteoffset="1" vartype="VAR_INPUT" />
      <UserDefElement iecname="FROM_RIGHT" type="T_BOOL" byteoffset="2" vartype="VAR_INPUT" />
      <UserDefElement iecname="FREE_RIGHT" type="T_BOOL" byteoffset="3" vartype="VAR_INPUT" />
      <UserDefElement iecname="PIECE" type="T_WORD" byteoffset="4" vartype="VAR_INPUT" />
      <UserDefElement iecname="PIECE_T_RIGHT" type="T_piece_t" byteoffset="6" vartype="VAR_INPUT" />
      <UserDefElement iecname="DIR" type="T_INT" byteoffset="150" vartype="VAR" />
      <UserDefElement iecname="PIECE_T" type="T_piece_t" byteoffset="152" vartype="VAR" />
      <UserDefElement iecname="TO_RIGHT" type="T_BOOL" byteoffset="296" vartype="VAR_OUTPUT" />
      <UserDefElement iecname="GO_NEG" type="T_BOOL" byteoffset="297" vartype="VAR_OUTPUT" />
      <UserDefElement iecname="GO_POS" type="T_BOOL" byteoffset="298" vartype="VAR_OUTPUT" />
      <UserDefElement iecname="FREE_O" type="T_BOOL" byteoffset="299" vartype="VAR_OUTPUT" />
      <UserDefElement iecname="PIECE_T_OLD" type="T_piece_t" byteoffset="300" vartype="VAR_OUTPUT" />
      <UserDefElement iecname="_FREE_O" type="T_SFCActionType" byteoffset="444" vartype="VAR" />
      <UserDefElement iecname="_GO_POS" type="T_SFCActionType" byteoffset="572" vartype="VAR" />
      <UserDefElement iecname="_TO_RIGHT" type="T_SFCActionType" byteoffset="700" vartype="VAR" />
      <UserDefElement iecname="_GO_NEG" type="T_SFCActionType" byteoffset="828" vartype="VAR" />
      <UserDefElement iecname="STANDBY" type="T_SFCStepType" byteoffset="956" vartype="VAR" />
      <UserDefElement iecname="RCV_RIGHT" type="T_SFCStepType" byteoffset="972" vartype="VAR" />
      <UserDefElement iecname="GETTING_PIECE" type="T_SFCStepType" byteoffset="988" vartype="VAR" />
      <UserDefElement iecname="HOLD" type="T_SFCStepType" byteoffset="1004" vartype="VAR" />
      <UserDefElement iecname="SEND_RIGHT" type="T_SFCStepType" byteoffset="1020" vartype="VAR" />
      <UserDefElement iecname="SEND_RIGHT1" type="T_SFCStepType" byteoffset="1036" vartype="VAR" />
      <UserDefElement iecname="Branch0__STANDBY__to__RCV_RIGHT" type="T_BOOL" byteoffset="1052" vartype="VAR" />
      <UserDefElement iecname="RCV_RIGHT__to__HOLD" type="T_BOOL" byteoffset="1053" vartype="VAR" />
      <UserDefElement iecname="Branch1__STANDBY__to__GETTING_PIECE" type="T_BOOL" byteoffset="1054" vartype="VAR" />
      <UserDefElement iecname="GETTING_PIECE__to__HOLD" type="T_BOOL" byteoffset="1055" vartype="VAR" />
      <UserDefElement iecname="HOLD__to__SEND_RIGHT" type="T_BOOL" byteoffset="1056" vartype="VAR" />
      <UserDefElement iecname="SEND_RIGHT__to__SEND_RIGHT1" type="T_BOOL" byteoffset="1057" vartype="VAR" />
      <UserDefElement iecname="SEND_RIGHT1__to__STANDBY" type="T_BOOL" byteoffset="1058" vartype="VAR" />
    </TypeUserDef>
    <TypeUserDef name="T_MAC_CONV" size="2512" nativesize="3992" typeclass="Userdef" pouclass="FUNCTION_BLOCK" iecname="MAC_CONV">
      <UserDefElement iecname="TOOL_SEN" type="T_BOOL" byteoffset="0" vartype="VAR_INPUT" />
      <UserDefElement iecname="SENS" type="T_BOOL" byteoffset="1" vartype="VAR_INPUT" />
      <UserDefElement iecname="SEN_LEFT" type="T_BOOL" byteoffset="2" vartype="VAR_INPUT" />
      <UserDefElement iecname="SEN_RIGHT" type="T_BOOL" byteoffset="3" vartype="VAR_INPUT" />
      <UserDefElement iecname="FROM_LEFT" type="T_BOOL" byteoffset="4" vartype="VAR_INPUT" />
      <UserDefElement iecname="FROM_RIGHT" type="T_BOOL" byteoffset="5" vartype="VAR_INPUT" />
      <UserDefElement iecname="FREE_LEFT" type="T_BOOL" byteoffset="6" vartype="VAR_INPUT" />
      <UserDefElement iecname="FREE_RIGHT" type="T_BOOL" byteoffset="7" vartype="VAR_INPUT" />
      <UserDefElement iecname="PIECE_T_LEFT" type="T_piece_t" byteoffset="8" vartype="VAR_INPUT" />
      <UserDefElement iecname="PIECE_T_RIGHT" type="T_piece_t" byteoffset="152" vartype="VAR_INPUT" />
      <UserDefElement iecname="TOOL_ROT_POS" type="T_BOOL" byteoffset="296" vartype="VAR_OUTPUT" />
      <UserDefElement iecname="TOOL_ROT_NEG" type="T_BOOL" byteoffset="297" vartype="VAR_OUTPUT" />
      <UserDefElement iecname="TO_LEFT" type="T_BOOL" byteoffset="298" vartype="VAR_OUTPUT" />
      <UserDefElement iecname="TO_RIGHT" type="T_BOOL" byteoffset="299" vartype="VAR_OUTPUT" />
      <UserDefElement iecname="GO_NEG" type="T_BOOL" byteoffset="300" vartype="VAR_OUTPUT" />
      <UserDefElement iecname="GO_POS" type="T_BOOL" byteoffset="301" vartype="VAR_OUTPUT" />
      <UserDefElement iecname="FREE_O" type="T_BOOL" byteoffset="302" vartype="VAR_OUTPUT" />
      <UserDefElement iecname="TOOL_OP" type="T_BOOL" byteoffset="303" vartype="VAR_OUTPUT" />
      <UserDefElement iecname="PIECE_T_OLD" type="T_piece_t" byteoffset="304" vartype="VAR_OUTPUT" />
      <UserDefElement iecname="MAC_1" type="T_MAC" byteoffset="448" vartype="VAR" />
      <UserDefElement iecname="TOOL_1" type="T_TOOL" byteoffset="1996" vartype="VAR" />
    </TypeUserDef>
  </TypeList>
  <NodeList>
    <Node name="Application">
      <Node name="GVL">
        <Node name="SEN" type="T_ARRAY__0__47__OF_BOOL" access="ReadWrite" />
        <Node name="ST16_tr" type="T_BOOL" access="ReadWrite" />
        <Node name="ST17_tr" type="T_BOOL" access="ReadWrite" />
        <Node name="ST18_tr" type="T_BOOL" access="ReadWrite" />
        <Node name="ST1_tp" type="T_WORD" access="ReadWrite" />
        <Node name="ST28_tr" type="T_BOOL" access="ReadWrite" />
        <Node name="ST29_tr" type="T_BOOL" access="ReadWrite" />
        <Node name="ST30_tr" type="T_BOOL" access="ReadWrite" />
        <Node name="ST4_tr" type="T_BOOL" access="ReadWrite" />
        <Node name="ST5_tr" type="T_BOOL" access="ReadWrite" />
        <Node name="ST6_tr" type="T_BOOL" access="ReadWrite" />
        <Node name="TS_16" type="T_tool_ini" access="ReadWrite" />
        <Node name="TS_17" type="T_tool_ini" access="ReadWrite" />
        <Node name="TS_18" type="T_tool_ini" access="ReadWrite" />
        <Node name="TS_28" type="T_tool_ini" access="ReadWrite" />
        <Node name="TS_29" type="T_tool_ini" access="ReadWrite" />
        <Node name="TS_30" type="T_tool_ini" access="ReadWrite" />
        <Node name="TS_4" type="T_tool_ini" access="ReadWrite" />
        <Node name="TS_5" type="T_tool_ini" access="ReadWrite" />
        <Node name="TS_6" type="T_tool_ini" access="ReadWrite" />
      </Node>
      <Node name="PLC_PRG">
        <Node name="TAP_1" type="T_WAREH_OUT" access="ReadWrite" />
        <Node name="TAP_10" type="T_ROT_CONV" access="ReadWrite" />
        <Node name="TAP_11" type="T_ROT_CONV" access="ReadWrite" />
        <Node name="TAP_12" type="T_ROT_CONV" access="ReadWrite" />
        <Node name="TAP_14" type="T_ROT_CONV" access="ReadWrite" />
        <Node name="TAP_16" type="T_MAC_CONV" access="ReadWrite" />
        <Node name="TAP_17" type="T_MAC_CONV" access="ReadWrite" />
        <Node name="TAP_18" type="T_MAC_CONV" access="ReadWrite" />
        <Node name="TAP_2" type="T_WAREH_IN" access="ReadWrite" />
        <Node name="TAP_22" type="T_ROT_CONV" access="ReadWrite" />
        <Node name="TAP_23" type="T_ROT_CONV" access="ReadWrite" />
        <Node name="TAP_24" type="T_ROT_CONV" access="ReadWrite" />
        <Node name="TAP_26" type="T_ROT_CONV" access="ReadWrite" />
        <Node name="TAP_28" type="T_MAC_CONV" access="ReadWrite" />
        <Node name="TAP_29" type="T_MAC_CONV" access="ReadWrite" />
        <Node name="TAP_3" type="T_LIN_CONV_H" access="ReadWrite" />
        <Node name="TAP_30" type="T_MAC_CONV" access="ReadWrite" />
        <Node name="TAP_34" type="T_ROT_CONV" access="ReadWrite" />
        <Node name="TAP_35" type="T_ROT_CONV" access="ReadWrite" />
        <Node name="TAP_36" type="T_ROT_CONV" access="ReadWrite" />
        <Node name="TAP_38" type="T_ROT_CONV" access="ReadWrite" />
        <Node name="TAP_4" type="T_MAC_CONV" access="ReadWrite" />
        <Node name="TAP_5" type="T_MAC_CONV" access="ReadWrite" />
        <Node name="TAP_6" type="T_MAC_CONV" access="ReadWrite" />
      </Node>
    </Node>
  </NodeList>
</Symbolconfiguration>